-- phpMyAdmin SQL Dump
-- version 5.2.1
-- https://www.phpmyadmin.net/
--
-- 主机： 127.0.0.1
-- 生成日期： 2025-04-07 19:44:47
-- 服务器版本： 10.4.32-MariaDB
-- PHP 版本： 8.2.12

SET SQL_MODE = "NO_AUTO_VALUE_ON_ZERO";
START TRANSACTION;
SET time_zone = "+00:00";


/*!40101 SET @OLD_CHARACTER_SET_CLIENT=@@CHARACTER_SET_CLIENT */;
/*!40101 SET @OLD_CHARACTER_SET_RESULTS=@@CHARACTER_SET_RESULTS */;
/*!40101 SET @OLD_COLLATION_CONNECTION=@@COLLATION_CONNECTION */;
/*!40101 SET NAMES utf8mb4 */;


-- Primero se insertan los usuarios para evitar problemas de claves foráneas con categorias

-- Usuarios
INSERT INTO usuarios (`id`, `nombre`, `email`, `password`, `rol`, `estado`, `bloqueado_hasta`, `fecha_creacion`) VALUES
(1, 'admin', 'admin@gmail.com', '$2y$10$cdXFvM0MTaD3AFV90gE.Ke9ccP/MAVG/l26Y8wsnxw5xlbd/ygrEC', 'admin', 'activo', NULL, '2025-01-11 22:52:56'),
(2, 'Yundie', 'yundie@gmail.com', '$2y$10$nTTy/5HVA4FJStitLmqhWe6Jby5rVbzN/uSgTrTv37Qdo03NDQ5VK', 'usuario', 'activo', NULL, '2025-05-11 22:54:23'),
(3, 'Junhua', 'junhua@gmail.com', '$2y$10$cEXh6RrxgKWvErz5oK75oeseOZ0XFCjxhWvNBIwPS8DlloG6g/yku', 'usuario', 'inactivo', NULL, '2025-04-11 22:54:47'),
(4, 'Vahram', 'vahram@gmail.com', '$2y$10$grwtj/6eOdvIBjD7ZfuI4O9TZ5YNAy/pGKjpeIHY4ADYF2ClN3LG6', 'usuario', 'activo', NULL, '2025-05-11 22:55:10'),
(5, 'Hua', 'hua@gmail.com', '$2y$10$Mv8KABzbH/lAnOZhvrx9Cu13YF1.s/731m51QT99SnB07iQdgGk1.', 'usuario', 'activo', NULL, '2025-03-11 22:55:31'),
(6, 'Natalia', 'natalia@gmail.com', '$2y$10$sEomIueFvLOM4IBenCIm4.GHqhLaDXtluQzf0smBunoGWLUrRb0l6', 'usuario', 'activo', NULL, '2025-03-11 22:55:55'),
(7, 'Javier', 'javier@gmail.com', '$2y$10$xRBA2WVDj6DZpqqhRA9CCeZIOScYJ3tOdCfNhufD0IKZ65Ap1Y9SS', 'usuario', 'activo', NULL, '2025-05-11 22:56:59'),
(8, 'Eva', 'eva@gmail.com', '$2y$10$P8vd7brDls2SKVJF2Q.QXuOecPyJVt6zln8HTeg0zmWxvjkDalx7C', 'usuario', 'activo', NULL, '2025-04-11 22:57:16'),
(9, 'admin2', 'admin2@gmail.com', '$2y$10$.mGfYJcZuHIVZKy46HMqleAkPBCWufW5ME/jmZieNs4Tc6Jl1Js42', 'admin', 'activo', NULL, '2025-02-11 22:57:41');


-- Categorías
INSERT INTO categorias (id, nombre, usuario_id) VALUES
(1, 'Compra', 0),
(2, 'Comida', 0),
(3, 'Ocio', 0),
(4, 'Ropa', 0),
(5, 'Salud', 0),
(6, 'Transporte', 0),
(7, 'Otros', 0),
(8, 'Salario', 0),
(9, 'Compra', 7),
(10, 'Comida', 7),
(11, 'Ocio', 7),
(12, 'Ropa', 7),
(13, 'Salud', 7),
(14, 'Transporte', 7),
(15, 'Otros', 7),
(16, 'Salario', 7),
(17, 'Deporte', 7),
(18, 'Compra', 12),
(19, 'Comida', 12),
(20, 'Ocio', 12),
(21, 'Ropa', 12),
(22, 'Salud', 12),
(23, 'Transporte', 12),
(24, 'Otros', 12),
(25, 'Salario', 12),
(26, 'Deporte', 12),
(27, 'Compra', 13),
(28, 'Comida', 13),
(29, 'Ocio', 13),
(30, 'Ropa', 13),
(31, 'Salud', 13),
(32, 'Transporte', 13),
(33, 'Otros', 13),
(34, 'Salario', 13),
(35, 'Deporte', 13),
(36, 'Compra', 14),
(37, 'Comida', 14),
(38, 'Ocio', 14),
(39, 'Ropa', 14),
(40, 'Salud', 14),
(41, 'Transporte', 14),
(42, 'Otros', 14),
(43, 'Salario', 14),
(44, 'Deporte', 14),
(45, 'Compra', 15),
(46, 'Comida', 15),
(47, 'Ocio', 15),
(48, 'Ropa', 15),
(49, 'Salud', 15),
(50, 'Transporte', 15),
(51, 'Otros', 15),
(52, 'Salario', 15),
(53, 'Deporte', 15),
(54, 'royo', 1),
(55, 'Compra', 16),
(56, 'Comida', 16),
(57, 'Ocio', 16),
(58, 'Ropa', 16),
(59, 'Salud', 16),
(60, 'Transporte', 16),
(61, 'Otros', 16),
(62, 'Salario', 16),
(63, 'Deporte', 16),
(64, 'Compra', 17),
(65, 'Comida', 17),
(66, 'Ocio', 17),
(67, 'Ropa', 17),
(68, 'Salud', 17),
(69, 'Transporte', 17),
(70, 'Otros', 17),
(71, 'Salario', 17),
(72, 'Deporte', 17),
(73, 'Compra', 1),
(74, 'Comida', 1),
(75, 'Ocio', 1),
(76, 'Ropa', 1),
(77, 'Salud', 1),
(78, 'Transporte', 1),
(79, 'Otros', 1),
(80, 'Salario', 1),
(81, 'Deporte', 1),
(82, 'Compra', 2),
(83, 'Comida', 2),
(84, 'Ocio', 2),
(85, 'Ropa', 2),
(86, 'Salud', 2),
(87, 'Transporte', 2),
(88, 'Otros', 2),
(89, 'Salario', 2),
(90, 'Deporte', 2),
(91, 'Compra', 3),
(92, 'Comida', 3),
(93, 'Ocio', 3),
(94, 'Ropa', 3),
(95, 'Salud', 3),
(96, 'Transporte', 3),
(97, 'Otros', 3),
(98, 'Salario', 3),
(99, 'Deporte', 3),
(100, 'Compra', 4),
(101, 'Comida', 4),
(102, 'Ocio', 4),
(103, 'Ropa', 4),
(104, 'Salud', 4),
(105, 'Transporte', 4),
(106, 'Otros', 4),
(107, 'Salario', 4),
(108, 'Deporte', 4),
(109, 'Compra', 5),
(110, 'Comida', 5),
(111, 'Ocio', 5),
(112, 'Ropa', 5),
(113, 'Salud', 5),
(114, 'Transporte', 5),
(115, 'Otros', 5),
(116, 'Salario', 5),
(117, 'Deporte', 5),
(118, 'Compra', 6),
(119, 'Comida', 6),
(120, 'Ocio', 6),
(121, 'Ropa', 6),
(122, 'Salud', 6),
(123, 'Transporte', 6),
(124, 'Otros', 6),
(125, 'Salario', 6),
(126, 'Deporte', 6),
(127, 'Compra', 7),
(128, 'Comida', 7),
(129, 'Ocio', 7),
(130, 'Ropa', 7),
(131, 'Salud', 7),
(132, 'Transporte', 7),
(133, 'Otros', 7),
(134, 'Salario', 7),
(135, 'Deporte', 7),
(136, 'Compra', 8),
(137, 'Comida', 8),
(138, 'Ocio', 8),
(139, 'Ropa', 8),
(140, 'Salud', 8),
(141, 'Transporte', 8),
(142, 'Otros', 8),
(143, 'Salario', 8),
(144, 'Deporte', 8),
(145, 'Compra', 9),
(146, 'Comida', 9),
(147, 'Ocio', 9),
(148, 'Ropa', 9),
(149, 'Salud', 9),
(150, 'Transporte', 9),
(151, 'Otros', 9),
(152, 'Salario', 9),
(153, 'Deporte', 9);




-- Grupos
INSERT INTO grupos (`id`, `nombre`, `objetivo`, `fecha_creacion`) VALUES
(1, 'NUEVAYol 25', 1000.00, '2025-05-11'),
(2, 'Viaje Madrid', 235.00, '2025-05-11'),
(3, 'Comida Fin de Curso', 60.00, '2025-05-11'),
(4, 'Nos vamos a Bali', 2800.00, '2025-05-11'),
(5, 'Asador Argentino', 198.00, '2025-05-11'),
(6, 'Despedida de Soltero', 950.00, '2025-05-11');

-- Grupo_Usuarios
INSERT INTO grupo_usuarios (`grupo_id`, `usuario_id`, `rol_grupo`) VALUES
(1, 2, 'miembro'),
(1, 4, 'miembro'),
(1, 6, 'admin_grupo'),
(1, 7, 'admin_grupo'),
(2, 6, 'admin_grupo'),
(2, 7, 'miembro'),
(2, 8, 'miembro'),
(3, 2, 'miembro'),
(3, 3, 'miembro'),
(3, 4, 'miembro'),
(3, 5, 'miembro'),
(3, 6, 'admin_grupo'),
(3, 7, 'miembro'),
(3, 8, 'miembro'),
(4, 5, 'miembro'),
(4, 7, 'admin_grupo'),
(5, 2, 'miembro'),
(5, 3, 'admin_grupo'),
(5, 4, 'miembro'),
(5, 7, 'miembro'),
(6, 2, 'miembro'),
(6, 3, 'miembro'),
(6, 5, 'admin_grupo'),
(6, 7, 'miembro');

-- Gastos
INSERT INTO gastos (id, usuario_id, tipo, categoria_id, monto, fecha, comentario) VALUES
(1, 6, 'Ingreso', 52, 2500.00, '2025-05-01', 'Salario de mayo'),
(2, 6, 'Ingreso', 52, 200.00, '2025-05-05', 'Bono por productividad'),
(3, 6, 'Gasto', 2, 50.00, '2025-05-02', 'Cena en restaurante'),
(4, 6, 'Gasto', 6, 20.00, '2025-05-03', 'Taxi'),
(5, 6, 'Gasto', 5, 100.00, '2025-05-04', 'Medicamentos'),
(6, 6, 'Gasto', 3, 70.00, '2025-05-05', 'Cine con amigos'),
(7, 6, 'Gasto', 4, 120.00, '2025-05-06', 'Ropa nueva'),
(8, 2, 'Ingreso', 49, 1800.00, '2025-05-01', 'Salario mayo'),
(9, 2, 'Gasto', 19, 45.00, '2025-05-03', 'Almuerzo'),
(10, 2, 'Gasto', 39, 30.00, '2025-05-04', 'Metro'),
(11, 3, 'Ingreso', 53, 2200.00, '2025-05-01', 'Pago mensual'),
(12, 3, 'Gasto', 23, 60.00, '2025-05-02', 'Comida rápida'),
(13, 3, 'Gasto', 33, 80.00, '2025-05-05', 'Zapatos'),
(14, 4, 'Ingreso', 50, 1900.00, '2025-05-01', 'Sueldo'),
(15, 4, 'Gasto', 20, 55.00, '2025-05-03', 'Desayuno con amigos'),
(16, 4, 'Gasto', 40, 25.00, '2025-05-04', 'Bus'),
(17, 5, 'Ingreso', 51, 2000.00, '2025-05-01', 'Salario'),
(18, 5, 'Gasto', 21, 40.00, '2025-05-03', 'Comida callejera'),
(19, 5, 'Gasto', 41, 15.00, '2025-05-04', 'Colectivo'),
(20, 7, 'Ingreso', 84, 2100.00, '2025-05-01', 'Pago mensual'),
(21, 7, 'Gasto', 78, 35.00, '2025-05-02', 'Almuerzo'),
(22, 7, 'Gasto', 82, 18.00, '2025-05-03', 'Taxi'),
(23, 8, 'Ingreso', 94, 2500.00, '2025-05-01', 'Salario'),
(24, 8, 'Gasto', 88, 48.00, '2025-05-03', 'Cena'),
(25, 8, 'Gasto', 92, 22.00, '2025-05-04', 'Gasolina'),
(26, 2, 'Ingreso', 89, 1800.00, '2025-04-01', 'Salario abril'),
(27, 2, 'Gasto', 83, 60.00, '2025-04-02', 'Comida abril'),
(28, 2, 'Gasto', 87, 25.00, '2025-04-03', 'Transporte abril'),
(29, 2, 'Ingreso', 89, 1800.00, '2025-05-01', 'Salario mayo'),
(30, 2, 'Gasto', 83, 50.00, '2025-05-02', 'Comida mayo'),
(31, 2, 'Gasto', 87, 30.00, '2025-05-03', 'Transporte mayo'),
(32, 3, 'Ingreso', 98, 2200.00, '2025-04-01', 'Salario abril'),
(33, 3, 'Gasto', 92, 40.00, '2025-04-02', 'Comida'),
(34, 3, 'Gasto', 96, 35.00, '2025-04-03', 'Taxi'),
(35, 3, 'Ingreso', 98, 2200.00, '2025-05-01', 'Salario mayo'),
(36, 3, 'Gasto', 92, 55.00, '2025-05-02', 'Pizza en casa'),
(37, 3, 'Gasto', 96, 28.00, '2025-05-03', 'Autobús'),
(38, 4, 'Ingreso', 107, 1900.00, '2025-05-01', 'Salario'),
(39, 4, 'Gasto', 101, 45.00, '2025-05-03', 'Cena afuera'),
(40, 4, 'Gasto', 105, 20.00, '2025-05-04', 'Uber'),
(41, 5, 'Ingreso', 116, 2000.00, '2025-05-01', 'Sueldo'),
(42, 5, 'Gasto', 110, 50.00, '2025-05-02', 'Restaurante'),
(43, 5, 'Gasto', 114, 25.00, '2025-05-03', 'Gas'),
(44, 6, 'Ingreso', 125, 2500.00, '2025-04-01', 'Salario'),
(45, 6, 'Gasto', 119, 55.00, '2025-04-02', 'Pasta'),
(46, 6, 'Gasto', 123, 22.00, '2025-04-03', 'Metro'),
(47, 7, 'Ingreso', 134, 2100.00, '2025-04-01', 'Salario abril'),
(48, 7, 'Gasto', 128, 60.00, '2025-04-02', 'Comida con amigos'),
(49, 7, 'Gasto', 132, 19.00, '2025-04-03', 'Bus local');

-- Gastos grupales
INSERT INTO gastos_grupales (id, grupo_id, usuario_id, monto, fecha, comentario) VALUES
(1, 3, 7, 150.00, '2025-05-01', 'Comida restaurante'),
(2, 3, 6, 80.00, '2025-05-11', 'Gin Tonics'),
(3, 1, 2, 75.50, '2025-05-05', 'Cena en Times Square, Nueva York'),
(4, 1, 3, 45.00, '2025-05-06', 'Entrada al Museo de Historia Natural'),
(5, 1, 6, 30.00, '2025-05-07', 'Taxi desde el aeropuerto JFK'),
(6, 1, 7, 120.00, '2025-05-08', 'Boletos para Broadway en Manhattan'),
(7, 1, 2, 20.00, '2025-05-09', 'Snacks y bebidas en Central Park'),
(8, 1, 3, 80.00, '2025-05-09', 'Souvenirs en Times Square'),
(9, 1, 6, 50.00, '2025-05-10', 'Desayuno en cafetería de Brooklyn'),
(10, 1, 7, 95.00, '2025-05-11', 'Entradas al Empire State Building'),
(11, 1, 2, 60.00, '2025-05-11', 'MetroCard semanal para transporte público'),
(12, 1, 3, 110.00, '2025-05-12', 'Cena en restaurante italiano en Manhattan'),
(13, 1, 6, 25.00, '2025-05-13', 'Café y pastelería cerca de Central Park'),
(14, 1, 7, 150.00, '2025-05-13', 'Tour en helicóptero sobre Nueva York'),
(15, 1, 2, 40.00, '2025-05-14', 'Entrada al MoMA'),
(16, 1, 3, 65.00, '2025-05-14', 'Tienda de discos en el Soho'),
(17, 1, 6, 90.00, '2025-05-15', 'Ropa en tienda de Times Square'),
(18, 1, 7, 55.00, '2025-05-15', 'Paseo en ferry a la Estatua de la Libertad'),
(19, 2, 6, 100.00, '2025-06-01', 'Cena en el centro de Madrid'),
(20, 2, 7, 60.00, '2025-06-02', 'Entradas al Museo del Prado'),
(21, 2, 8, 40.00, '2025-06-02', 'Metro turístico por la ciudad'),
(22, 2, 6, 150.00, '2025-06-03', 'Hotel por una noche cerca de Gran Vía'),
(23, 2, 7, 35.00, '2025-06-03', 'Tapas en el Mercado de San Miguel'),
(24, 2, 8, 80.00, '2025-06-04', 'Tour guiado por el Palacio Real'),
(25, 2, 6, 50.00, '2025-06-04', 'Souvenirs en la Plaza Mayor'),
(26, 2, 7, 90.00, '2025-06-05', 'Cena con flamenco en tablao'),
(27, 2, 8, 55.00, '2025-06-05', 'Taxi desde el aeropuerto Barajas'),
(28, 2, 6, 70.00, '2025-06-06', 'Excursión a Toledo desde Madrid'),
(29, 4, 7, 220.00, '2025-05-16', 'Reserva de vuelos'),
(30, 4, 5, 100.00, '2025-05-16', 'Vacunas y seguros de viaje'),
(31, 5, 2, 75.00, '2025-05-17', 'Parrillada completa para 4'),
(32, 5, 3, 15.00, '2025-05-17', 'Botellas de vino Malbec'),
(33, 5, 4, 10.00, '2025-05-17', 'Postres argentinos'),
(34, 5, 7, 8.00, '2025-05-17', 'Propina del camarero'),
(35, 6, 3, 120.00, '2025-05-18', 'Alquiler de local para la fiesta'),
(36, 6, 2, 60.00, '2025-05-18', 'Decoración temática'),
(37, 6, 7, 90.00, '2025-05-18', 'Bebidas y snacks'),
(38, 6, 5, 35.00, '2025-05-18', 'Regalo para el novio');

-- Mensajes
INSERT INTO mensajes (id, usuario_id, grupo_id, contenido, fecha) VALUES
(1, 7, 3, 'Chicos, acabo de meter el total de la comida. He pagado yo lo de todos. Pero esta vez no invito ;)', '2025-05-11 23:20:03'),
(2, 6, 3, 'Genial! Yo acabo de meter lo que costaron los Gin Tonics de después ejjeje', '2025-05-11 23:21:02'),
(3, 2, 3, 'Gracias!', '2025-05-11 23:37:24'),
(4, 4, 3, 'Thank you! Me lo he pasado fenomenal!', '2025-05-11 23:37:56'),
(5, 7, 1, 'Hola! Ha sido un viaje magnífico, pero por favor, id haciéndome los bizums con lo que pone en el Balance Final. Gracias!', '2025-05-11 23:46:32'),
(6, 4, 1, 'Hecho.', '2025-05-11 23:46:53'),
(7, 6, 2, '¿A qué hora nos encontramos en el aeropuerto para Madrid?', '2025-05-28 00:00:00'),
(8, 7, 2, 'Yo llego al aeropuerto a las 9:30 AM, nos vemos en la puerta 2.', '2025-05-28 00:00:00'),
(9, 8, 2, '¿Alguien reservó el hotel cerca de Gran Vía?', '2025-05-29 00:00:00'),
(10, 6, 2, 'Sí, ya está reservado por dos noches. Les paso el link.', '2025-05-29 00:00:00'),
(11, 7, 2, '¿Qué les parece si vamos al Museo del Prado el primer día?', '2025-05-30 00:00:00'),
(12, 8, 2, 'Perfecto, compramos las entradas online esta noche.', '2025-05-30 00:00:00'),
(13, 6, 2, 'Recuerden llevar ropa ligera, va a hacer bastante calor en Madrid.', '2025-05-31 00:00:00'),
(14, 7, 2, '¿Incluimos una visita a Toledo en el itinerario?', '2025-06-01 00:00:00'),
(15, 8, 2, 'Sí, ya encontré un tour económico de un día, lo reservo.', '2025-06-01 00:00:00'),
(16, 6, 2, 'Gracias a todos por la organización, va a ser un viaje increíble 🙌', '2025-06-02 00:00:00'),
(17, 6, 1, 'Qué bien lo pasamos en Nueva York, ¡gracias por organizar!', '2025-05-16 10:00:00'),
(18, 2, 1, '¿Suben las fotos del helicóptero?', '2025-05-16 10:05:00'),
(19, 4, 1, '¡Ya las subí al drive del grupo!', '2025-05-16 10:10:00'),
(20, 7, 1, '¿Todos pagaron su parte ya?', '2025-05-16 10:15:00'),
(21, 3, 3, 'La comida fue espectacular, ¡gracias por invitarme!', '2025-05-12 13:00:00'),
(22, 5, 3, '¿Subimos el balance de gastos aquí?', '2025-05-12 13:10:00'),
(23, 6, 3, 'Sí, ya lo publiqué en el resumen del grupo', '2025-05-12 13:15:00'),
(24, 8, 3, 'Todo pagado por mi parte ✅', '2025-05-12 13:20:00'),
(25, 7, 4, 'Recordad que los pasajes se compran esta semana', '2025-05-16 11:00:00'),
(26, 5, 4, 'Sí, vi una oferta en SkyScanner para el 20 de junio', '2025-05-16 11:05:00'),
(27, 2, 5, '¿Reservamos mesa para este viernes?', '2025-05-17 12:00:00'),
(28, 3, 5, '¡Sí! Que sea a las 21:00 por favor', '2025-05-17 12:10:00'),
(29, 7, 5, 'Yo llamo al restaurante hoy mismo', '2025-05-17 12:15:00'),
(30, 3, 6, 'Llevad todos ropa blanca para la fiesta sorpresa', '2025-05-18 18:00:00'),
(31, 2, 6, '¿Dónde quedamos exactamente?', '2025-05-18 18:05:00'),
(32, 7, 6, 'En la plaza del reloj, 20:00 en punto', '2025-05-18 18:10:00');

COMMIT;
